/* ******************************************************************************************************* */
/* ******************************************  SOLUTION SCRIPT  ****************************************** */
/* ******************************************************************************************************* */

/* ************************************************************************ Drop Tables ************************************************************************ */
DROP TABLE tblCourse;
DROP TABLE tblCurrentRegistration;
DROP TABLE tblDepartment;
DROP TABLE tblStudent;
DROP TABLE tblStudentMajor;
DROP TABLE tblTermCode;
/* ************************************************************************************************************************************************************* */

/*  *************************** Create Tables (Place your CREATE TABLE command in this area for tblCourse ****************************************************** */
CREATE TABLE tblCourse (CourseID CHAR(7) NOT NULL, CourseTitle CHAR(50), CourseCredits SMALLINT, DepartmentCode CHAR(7), PRIMARY KEY (CourseID));
CREATE TABLE tblCurrentRegistration (StudentID CHAR(9) NOT NULL, CourseID CHAR(7) NOT NULL, Section CHAR(3), PRIMARY KEY (StudentID, CourseID));
CREATE TABLE tblDepartment (
    DepartmentCode CHAR(7) NOT NULL,
    DepartmentName CHAR(35),
    CollegeCode CHAR(3),
    PRIMARY KEY (DepartmentCode)
);
CREATE TABLE tblStudent (StudentID CHAR(9) NOT NULL, FirstName CHAR(20), LastName CHAR(30), DateEntered CHAR(6), CampusBox CHAR(5), Address CHAR(40), City CHAR(30), State CHAR(2), ZipCode CHAR(5), Email CHAR(40), CreditsEarned SMALLINT, ActiveStatus CHAR(1), OverallGPA NUMBER(3,2), MajorGPA NUMBER(3,2), InactiveDate DATE, PRIMARY KEY (StudentID));
CREATE TABLE tblStudentMajor (StudentID CHAR(9) NOT NULL, MajorCode CHAR(10) NOT NULL, PRIMARY KEY (StudentID, MajorCode));
CREATE TABLE tblTermCode (TermCode CHAR(6) NOT NULL, Semester CHAR(10), AcademicYear CHAR(4), PRIMARY KEY (TermCode));
/* ************************************************************************************************************************************************************* */

/* ************************ Insert New Data (Place your INSERT commands for the tblCourse table in this area ************************************************** */
INSERT INTO tblCourse VALUES ('AA205', 'Intro to Applied Analytics', 3, 'ISA');
INSERT INTO tblCourse VALUES ('AA304', 'Managing Information for AA', 3, 'ISA');
INSERT INTO tblCourse VALUES ('ACG203', 'Prin. of Fin Accounting', 3, 'ACG');
INSERT INTO tblCourse VALUES ('ACG204', 'Prin. of Mang. Acct.', 3, 'ACG');
INSERT INTO tblCourse VALUES ('ACG301', 'Financial Reporting I', 3, 'ACG');
INSERT INTO tblCourse VALUES ('ACG302', 'Financial Reporting II', 3, 'ACG');
INSERT INTO tblCourse VALUES ('COM204', 'The Process of Comm.', 3, 'COM');
INSERT INTO tblCourse VALUES ('ECO113', 'Microeconomic Principles', 3, 'ECO');
INSERT INTO tblCourse VALUES ('ECO114', 'Macroeconomic Principles', 3, 'ECO');
INSERT INTO tblCourse VALUES ('FIN201', 'Financial Management', 3, 'FIN');
INSERT INTO tblCourse VALUES ('FIN201G', 'Glob. Dim. of Fin. Mgt.', 3, 'FIN');
INSERT INTO tblCourse VALUES ('GFOB101', 'Introduction to Business', 3, 'BUS');
INSERT INTO tblCourse VALUES ('GLOB243', 'Anthrop. of Globalization', 3, 'GLOB');
INSERT INTO tblCourse VALUES ('GLOB290', 'Pol. of the Glob. Sys.', 3, 'GLOB');
INSERT INTO tblCourse VALUES ('GSCM301', 'Sup. Chain Mgt. Conc.', 3, 'GSCM');
INSERT INTO tblCourse VALUES ('HIS263', 'Amer.Womens History', 3, 'HIS');
INSERT INTO tblCourse VALUES ('HIS354', 'Trends in Mod. Thought', 3, 'HIS');
INSERT INTO tblCourse VALUES ('HIS365', 'US and Wld. Pol.1890-Pres', 3, 'HIS');
INSERT INTO tblCourse VALUES ('HIS462', 'U.S. Women and WW II', 3, 'HIS');
INSERT INTO tblCourse VALUES ('IB101', 'Intro Internat Bus', 3, 'IB1');
INSERT INTO tblCourse VALUES ('ISA201G', 'Fund. Glob Info.Sytms', 3, 'ISA');
INSERT INTO tblCourse VALUES ('ISA203', 'Introduction to IT and Analytics', 3, 'ISA');
INSERT INTO tblCourse VALUES ('ISA221', 'Intro to Programming', 3, 'ISA');
INSERT INTO tblCourse VALUES ('LCS151', 'Liberal Arts Seminar', 3, 'LCS');
INSERT INTO tblCourse VALUES ('LCS243', 'Anthrop. of Globalization', 3, 'LCS');
INSERT INTO tblCourse VALUES ('LGLS211', 'Legal Environ. of Bus.', 3, 'LGLS');
INSERT INTO tblCourse VALUES ('MATH107', 'Finite Mathematics', 3, 'MATH');
INSERT INTO tblCourse VALUES ('MATH201', 'Statistics I', 3, 'MATH');
INSERT INTO tblCourse VALUES ('MATH370', 'App. Analytics Using SAS', 3, 'MATH');
INSERT INTO tblCourse VALUES ('MGT203', 'Mgmt for Org. Leadersh', 3, 'MGT');
INSERT INTO tblCourse VALUES ('MGT301', 'Operations Management', 3, 'MGT');
INSERT INTO tblCourse VALUES ('MKT201', 'Foundations of Marketing', 3, 'MKT');
INSERT INTO tblCourse VALUES ('MKT201G', 'Glob Dimen of Mktg', 3, 'MKT');
INSERT INTO tblCourse VALUES ('MKT203', 'Cont.Mkt.Prin. Seminar', 3, 'MKT');
INSERT INTO tblCourse VALUES ('POLS290', 'Pol. of Global Sys.', 3, 'POLS');
INSERT INTO tblCourse VALUES ('POLS291', 'Contemporary Am. Pol.', 3, 'POLS');
INSERT INTO tblCourse VALUES ('PSY263', 'Core Concepts in Psych', 3, 'PSY');
INSERT INTO tblCourse VALUES ('SCI264', 'Physics', 3, 'SCI');
INSERT INTO tblCourse VALUES ('SCI497', 'Directed Study in Science', 3, 'SCI');
INSERT INTO tblCourse VALUES ('SOC251', 'Principles of Sociology', 3, 'SOC');
/* ************************************************************************************************************************************************************* */

/* ************************ Insert New Data (Place your INSERT commands for the tblCurrentRegistration table in this area ************************************** */
INSERT INTO tblCurrentRegistration VALUES ('000129656', 'HIS263', 'A');
INSERT INTO tblCurrentRegistration VALUES ('000129656', 'HIS462', 'B');
INSERT INTO tblCurrentRegistration VALUES ('000129656', 'IB101', 'B');
INSERT INTO tblCurrentRegistration VALUES ('000129656', 'MATH201', 'C');
INSERT INTO tblCurrentRegistration VALUES ('000129656', 'MGT203', 'B');
INSERT INTO tblCurrentRegistration VALUES ('000134870', 'HIS263', 'A');
INSERT INTO tblCurrentRegistration VALUES ('000134870', 'LGLS211', 'B');
INSERT INTO tblCurrentRegistration VALUES ('000134870', 'MKT203', 'A');
INSERT INTO tblCurrentRegistration VALUES ('000152806', 'ECO113', 'A');
INSERT INTO tblCurrentRegistration VALUES ('000152806', 'ECO114', 'C');
INSERT INTO tblCurrentRegistration VALUES ('000152806', 'FIN201', 'B');
INSERT INTO tblCurrentRegistration VALUES ('000152806', 'HIS462', 'A');
INSERT INTO tblCurrentRegistration VALUES ('000152806', 'IB101', 'A');
INSERT INTO tblCurrentRegistration VALUES ('000152806', 'SCI497', 'B');
INSERT INTO tblCurrentRegistration VALUES ('000157381', 'ACG203', 'B');
INSERT INTO tblCurrentRegistration VALUES ('000157381', 'HIS263', 'C');
INSERT INTO tblCurrentRegistration VALUES ('000157381', 'HIS365', 'B');
INSERT INTO tblCurrentRegistration VALUES ('000157381', 'ISA201G', 'C');
INSERT INTO tblCurrentRegistration VALUES ('000185625', 'ISA201G', 'B');
INSERT INTO tblCurrentRegistration VALUES ('000185625', 'MATH370', 'B');
INSERT INTO tblCurrentRegistration VALUES ('000185625', 'MKT201G', 'A');
INSERT INTO tblCurrentRegistration VALUES ('000185625', 'SOC251', 'C');
INSERT INTO tblCurrentRegistration VALUES ('000208353', 'ACG203', 'C');
INSERT INTO tblCurrentRegistration VALUES ('000208353', 'FIN201G', 'C');
INSERT INTO tblCurrentRegistration VALUES ('000208353', 'LCS243', 'A');
INSERT INTO tblCurrentRegistration VALUES ('000208353', 'MKT201', 'A');
INSERT INTO tblCurrentRegistration VALUES ('000208353', 'SCI497', 'C');
INSERT INTO tblCurrentRegistration VALUES ('000216185', 'FIN201', 'A');
INSERT INTO tblCurrentRegistration VALUES ('000216185', 'HIS365', 'A');
INSERT INTO tblCurrentRegistration VALUES ('000216185', 'MGT203', 'B');
INSERT INTO tblCurrentRegistration VALUES ('000216185', 'MGT301', 'C');
INSERT INTO tblCurrentRegistration VALUES ('000230159', 'IB101', 'A');
INSERT INTO tblCurrentRegistration VALUES ('000230159', 'MATH201', 'C');
INSERT INTO tblCurrentRegistration VALUES ('000230159', 'MKT201G', 'B');
INSERT INTO tblCurrentRegistration VALUES ('000230159', 'SCI264', 'A');
INSERT INTO tblCurrentRegistration VALUES ('000230159', 'SCI497', 'C');
INSERT INTO tblCurrentRegistration VALUES ('000230159', 'SOC251', 'A');
INSERT INTO tblCurrentRegistration VALUES ('000240971', 'GFOB101', 'C');
INSERT INTO tblCurrentRegistration VALUES ('000240971', 'GSCM301', 'C');
INSERT INTO tblCurrentRegistration VALUES ('000240971', 'POLS290', 'B');
INSERT INTO tblCurrentRegistration VALUES ('000240971', 'SOC251', 'A');
INSERT INTO tblCurrentRegistration VALUES ('000255610', 'ACG203', 'B');
INSERT INTO tblCurrentRegistration VALUES ('000255610', 'FIN201G', 'B');
INSERT INTO tblCurrentRegistration VALUES ('000255610', 'HIS354', 'C');
INSERT INTO tblCurrentRegistration VALUES ('000274949', 'COM204', 'B');
INSERT INTO tblCurrentRegistration VALUES ('000274949', 'GSCM301', 'C');
INSERT INTO tblCurrentRegistration VALUES ('000274949', 'LCS151', 'A');
INSERT INTO tblCurrentRegistration VALUES ('000274949', 'LGLS211', 'C');
INSERT INTO tblCurrentRegistration VALUES ('000276143', 'ECO113', 'C');
INSERT INTO tblCurrentRegistration VALUES ('000276143', 'FIN201', 'B');
INSERT INTO tblCurrentRegistration VALUES ('000276143', 'GLOB243', 'C');
INSERT INTO tblCurrentRegistration VALUES ('000276143', 'POLS290', 'C');
INSERT INTO tblCurrentRegistration VALUES ('000307265', 'HIS354', 'A');
INSERT INTO tblCurrentRegistration VALUES ('000307265', 'LGLS211', 'A');
INSERT INTO tblCurrentRegistration VALUES ('000307265', 'MKT201', 'A');
INSERT INTO tblCurrentRegistration VALUES ('000307265', 'POLS291', 'B');
INSERT INTO tblCurrentRegistration VALUES ('000307265', 'PSY263', 'A');
INSERT INTO tblCurrentRegistration VALUES ('000307265', 'SOC251', 'B');
INSERT INTO tblCurrentRegistration VALUES ('000339234', 'FIN201G', 'B');
INSERT INTO tblCurrentRegistration VALUES ('000339234', 'HIS263', 'B');
INSERT INTO tblCurrentRegistration VALUES ('000339234', 'MKT203', 'B');
INSERT INTO tblCurrentRegistration VALUES ('000339234', 'SOC251', 'B');
INSERT INTO tblCurrentRegistration VALUES ('000344842', 'FIN201', 'B');
INSERT INTO tblCurrentRegistration VALUES ('000344842', 'MGT203', 'C');
INSERT INTO tblCurrentRegistration VALUES ('000344842', 'MKT201', 'A');
INSERT INTO tblCurrentRegistration VALUES ('000344842', 'SCI497', 'A');
INSERT INTO tblCurrentRegistration VALUES ('000357495', 'ACG204', 'C');
INSERT INTO tblCurrentRegistration VALUES ('000357495', 'ECO113', 'A');
INSERT INTO tblCurrentRegistration VALUES ('000357495', 'IB101', 'A');
INSERT INTO tblCurrentRegistration VALUES ('000357495', 'LCS151', 'C');
INSERT INTO tblCurrentRegistration VALUES ('000357495', 'LCS243', 'C');
INSERT INTO tblCurrentRegistration VALUES ('000357495', 'SCI264', 'A');
INSERT INTO tblCurrentRegistration VALUES ('000358831', 'ACG203', 'C');
INSERT INTO tblCurrentRegistration VALUES ('000358831', 'HIS462', 'B');
INSERT INTO tblCurrentRegistration VALUES ('000358831', 'MKT201', 'C');
INSERT INTO tblCurrentRegistration VALUES ('000358831', 'PSY263', 'A');
INSERT INTO tblCurrentRegistration VALUES ('000368662', 'ACG203', 'B');
INSERT INTO tblCurrentRegistration VALUES ('000368662', 'HIS365', 'A');
INSERT INTO tblCurrentRegistration VALUES ('000368662', 'ISA201G', 'C');
INSERT INTO tblCurrentRegistration VALUES ('000368662', 'LCS151', 'B');
INSERT INTO tblCurrentRegistration VALUES ('000368662', 'MKT203', 'C');
INSERT INTO tblCurrentRegistration VALUES ('000394644', 'FIN201', 'B');
INSERT INTO tblCurrentRegistration VALUES ('000394644', 'GFOB101', 'C');
INSERT INTO tblCurrentRegistration VALUES ('000394644', 'HIS263', 'C');
INSERT INTO tblCurrentRegistration VALUES ('000394644', 'IB101', 'C');
INSERT INTO tblCurrentRegistration VALUES ('000394644', 'MGT203', 'C');
INSERT INTO tblCurrentRegistration VALUES ('000431308', 'ACG203', 'B');
INSERT INTO tblCurrentRegistration VALUES ('000431308', 'GLOB290', 'A');
INSERT INTO tblCurrentRegistration VALUES ('000431308', 'HIS263', 'B');
INSERT INTO tblCurrentRegistration VALUES ('000431308', 'PSY263', 'A');
INSERT INTO tblCurrentRegistration VALUES ('000431308', 'SOC251', 'C');
INSERT INTO tblCurrentRegistration VALUES ('000445772', 'GLOB290', 'C');
INSERT INTO tblCurrentRegistration VALUES ('000445772', 'MATH107', 'C');
INSERT INTO tblCurrentRegistration VALUES ('000445772', 'MKT201', 'A');
INSERT INTO tblCurrentRegistration VALUES ('000460632', 'ACG203', 'C');
INSERT INTO tblCurrentRegistration VALUES ('000460632', 'HIS462', 'B');
INSERT INTO tblCurrentRegistration VALUES ('000460632', 'ISA203', 'A');
INSERT INTO tblCurrentRegistration VALUES ('000460632', 'MGT203', 'A');
INSERT INTO tblCurrentRegistration VALUES ('000470833', 'ISA201G', 'A');
INSERT INTO tblCurrentRegistration VALUES ('000470833', 'LCS151', 'A');
INSERT INTO tblCurrentRegistration VALUES ('000470833', 'LGLS211', 'A');
INSERT INTO tblCurrentRegistration VALUES ('000476314', 'ACG203', 'C');
INSERT INTO tblCurrentRegistration VALUES ('000476314', 'ECO114', 'C');
INSERT INTO tblCurrentRegistration VALUES ('000476314', 'IB101', 'C');
INSERT INTO tblCurrentRegistration VALUES ('000476314', 'MKT201G', 'C');
INSERT INTO tblCurrentRegistration VALUES ('000490849', 'ACG203', 'B');
INSERT INTO tblCurrentRegistration VALUES ('000490849', 'MKT201', 'B');
INSERT INTO tblCurrentRegistration VALUES ('000490849', 'SCI497', 'B');
INSERT INTO tblCurrentRegistration VALUES ('000492618', 'ACG203', 'C');
INSERT INTO tblCurrentRegistration VALUES ('000492618', 'ISA203', 'C');
INSERT INTO tblCurrentRegistration VALUES ('000492618', 'LCS243', 'A');
INSERT INTO tblCurrentRegistration VALUES ('000492618', 'SCI264', 'A');
INSERT INTO tblCurrentRegistration VALUES ('000492618', 'SOC251', 'B');
INSERT INTO tblCurrentRegistration VALUES ('000493701', 'ACG203', 'A');
INSERT INTO tblCurrentRegistration VALUES ('000493701', 'FIN201G', 'A');
INSERT INTO tblCurrentRegistration VALUES ('000493701', 'HIS462', 'C');
INSERT INTO tblCurrentRegistration VALUES ('000493701', 'POLS290', 'C');
INSERT INTO tblCurrentRegistration VALUES ('000506599', 'GFOB101', 'B');
INSERT INTO tblCurrentRegistration VALUES ('000506599', 'HIS365', 'A');
INSERT INTO tblCurrentRegistration VALUES ('000506599', 'LCS151', 'C');
INSERT INTO tblCurrentRegistration VALUES ('000506599', 'MATH107', 'C');
INSERT INTO tblCurrentRegistration VALUES ('000506599', 'MKT201G', 'B');
INSERT INTO tblCurrentRegistration VALUES ('000506599', 'SOC251', 'A');
INSERT INTO tblCurrentRegistration VALUES ('000511579', 'IB101', 'C');
INSERT INTO tblCurrentRegistration VALUES ('000511579', 'MKT201', 'C');
INSERT INTO tblCurrentRegistration VALUES ('000516360', 'HIS354', 'A');
INSERT INTO tblCurrentRegistration VALUES ('000516360', 'HIS365', 'C');
INSERT INTO tblCurrentRegistration VALUES ('000516360', 'MATH107', 'A');
INSERT INTO tblCurrentRegistration VALUES ('000516360', 'MGT203', 'C');
INSERT INTO tblCurrentRegistration VALUES ('000516360', 'MKT201', 'A');
INSERT INTO tblCurrentRegistration VALUES ('000516360', 'SOC251', 'A');
INSERT INTO tblCurrentRegistration VALUES ('000526509', 'ACG203', 'C');
INSERT INTO tblCurrentRegistration VALUES ('000526509', 'FIN201G', 'C');
INSERT INTO tblCurrentRegistration VALUES ('000526509', 'HIS365', 'C');
INSERT INTO tblCurrentRegistration VALUES ('000526509', 'LCS151', 'A');
INSERT INTO tblCurrentRegistration VALUES ('000526509', 'MKT201G', 'B');
INSERT INTO tblCurrentRegistration VALUES ('000536941', 'LGLS211', 'B');
INSERT INTO tblCurrentRegistration VALUES ('000536941', 'MKT201', 'A');
INSERT INTO tblCurrentRegistration VALUES ('000536941', 'MKT203', 'A');
INSERT INTO tblCurrentRegistration VALUES ('000550909', 'ACG203', 'C');
INSERT INTO tblCurrentRegistration VALUES ('000550909', 'HIS263', 'A');
INSERT INTO tblCurrentRegistration VALUES ('000550909', 'HIS365', 'A');
INSERT INTO tblCurrentRegistration VALUES ('000550909', 'MATH107', 'A');
INSERT INTO tblCurrentRegistration VALUES ('000550909', 'MATH370', 'C');
INSERT INTO tblCurrentRegistration VALUES ('000558695', 'GFOB101', 'A');
INSERT INTO tblCurrentRegistration VALUES ('000558695', 'ISA203', 'B');
INSERT INTO tblCurrentRegistration VALUES ('000558695', 'LCS151', 'A');
INSERT INTO tblCurrentRegistration VALUES ('000558695', 'MKT201', 'A');
INSERT INTO tblCurrentRegistration VALUES ('000563356', 'FIN201', 'A');
INSERT INTO tblCurrentRegistration VALUES ('000563356', 'HIS365', 'C');
INSERT INTO tblCurrentRegistration VALUES ('000563356', 'MGT301', 'C');
INSERT INTO tblCurrentRegistration VALUES ('000563356', 'SOC251', 'A');
INSERT INTO tblCurrentRegistration VALUES ('000568099', 'ACG203', 'A');
INSERT INTO tblCurrentRegistration VALUES ('000568099', 'FIN201G', 'A');
INSERT INTO tblCurrentRegistration VALUES ('000568099', 'MKT201G', 'C');
INSERT INTO tblCurrentRegistration VALUES ('000568099', 'POLS290', 'C');
INSERT INTO tblCurrentRegistration VALUES ('000593520', 'ACG203', 'A');
INSERT INTO tblCurrentRegistration VALUES ('000593520', 'GLOB290', 'C');
INSERT INTO tblCurrentRegistration VALUES ('000593520', 'IB101', 'A');
INSERT INTO tblCurrentRegistration VALUES ('000593520', 'MKT203', 'C');
INSERT INTO tblCurrentRegistration VALUES ('000593520', 'PSY263', 'B');
INSERT INTO tblCurrentRegistration VALUES ('000631018', 'FIN201', 'B');
INSERT INTO tblCurrentRegistration VALUES ('000631018', 'GSCM301', 'B');
INSERT INTO tblCurrentRegistration VALUES ('000631018', 'LGLS211', 'A');
INSERT INTO tblCurrentRegistration VALUES ('000631018', 'MGT301', 'C');
INSERT INTO tblCurrentRegistration VALUES ('000631018', 'MKT203', 'C');
INSERT INTO tblCurrentRegistration VALUES ('000641764', 'ACG203', 'C');
INSERT INTO tblCurrentRegistration VALUES ('000641764', 'GFOB101', 'B');
INSERT INTO tblCurrentRegistration VALUES ('000641764', 'SCI264', 'C');
INSERT INTO tblCurrentRegistration VALUES ('000646541', 'ECO114', 'C');
INSERT INTO tblCurrentRegistration VALUES ('000646541', 'GSCM301', 'A');
INSERT INTO tblCurrentRegistration VALUES ('000646541', 'HIS462', 'C');
INSERT INTO tblCurrentRegistration VALUES ('000646541', 'LCS243', 'C');
INSERT INTO tblCurrentRegistration VALUES ('000646541', 'MGT301', 'A');
INSERT INTO tblCurrentRegistration VALUES ('000646541', 'MKT201G', 'A');
INSERT INTO tblCurrentRegistration VALUES ('000654686', 'ACG203', 'B');
INSERT INTO tblCurrentRegistration VALUES ('000654686', 'FIN201', 'B');
INSERT INTO tblCurrentRegistration VALUES ('000654686', 'ISA201G', 'A');
INSERT INTO tblCurrentRegistration VALUES ('000654686', 'POLS290', 'A');
INSERT INTO tblCurrentRegistration VALUES ('000654686', 'PSY263', 'A');
INSERT INTO tblCurrentRegistration VALUES ('000656862', 'ACG203', 'B');
INSERT INTO tblCurrentRegistration VALUES ('000656862', 'GLOB290', 'C');
INSERT INTO tblCurrentRegistration VALUES ('000656862', 'ISA201G', 'B');
INSERT INTO tblCurrentRegistration VALUES ('000656862', 'MKT201G', 'A');
INSERT INTO tblCurrentRegistration VALUES ('000656862', 'POLS291', 'A');
INSERT INTO tblCurrentRegistration VALUES ('000656862', 'PSY263', 'A');
INSERT INTO tblCurrentRegistration VALUES ('000658362', 'ACG203', 'C');
INSERT INTO tblCurrentRegistration VALUES ('000658362', 'HIS263', 'C');
INSERT INTO tblCurrentRegistration VALUES ('000658362', 'IB101', 'C');
INSERT INTO tblCurrentRegistration VALUES ('000658362', 'SCI264', 'C');
INSERT INTO tblCurrentRegistration VALUES ('000660741', 'ACG203', 'B');
INSERT INTO tblCurrentRegistration VALUES ('000660741', 'ECO114', 'B');
INSERT INTO tblCurrentRegistration VALUES ('000660741', 'GSCM301', 'C');
INSERT INTO tblCurrentRegistration VALUES ('000660741', 'IB101', 'A');
INSERT INTO tblCurrentRegistration VALUES ('000660741', 'MATH370', 'B');
INSERT INTO tblCurrentRegistration VALUES ('000660741', 'PSY263', 'B');
INSERT INTO tblCurrentRegistration VALUES ('000674409', 'ACG203', 'B');
INSERT INTO tblCurrentRegistration VALUES ('000674409', 'FIN201', 'A');
INSERT INTO tblCurrentRegistration VALUES ('000674409', 'HIS263', 'C');
INSERT INTO tblCurrentRegistration VALUES ('000674409', 'POLS291', 'C');
INSERT INTO tblCurrentRegistration VALUES ('000687581', 'ECO114', 'B');
INSERT INTO tblCurrentRegistration VALUES ('000687581', 'IB101', 'C');
INSERT INTO tblCurrentRegistration VALUES ('000687581', 'MGT301', 'B');
INSERT INTO tblCurrentRegistration VALUES ('000687581', 'PSY263', 'A');
INSERT INTO tblCurrentRegistration VALUES ('000690411', 'ACG203', 'C');
INSERT INTO tblCurrentRegistration VALUES ('000690411', 'HIS462', 'A');
INSERT INTO tblCurrentRegistration VALUES ('000690411', 'MKT201G', 'C');
INSERT INTO tblCurrentRegistration VALUES ('000690411', 'POLS290', 'B');
INSERT INTO tblCurrentRegistration VALUES ('000690915', 'ACG203', 'B');
INSERT INTO tblCurrentRegistration VALUES ('000690915', 'FIN201', 'A');
INSERT INTO tblCurrentRegistration VALUES ('000690915', 'GLOB290', 'C');
INSERT INTO tblCurrentRegistration VALUES ('000690915', 'ISA201G', 'A');
INSERT INTO tblCurrentRegistration VALUES ('000690915', 'LCS243', 'B');
INSERT INTO tblCurrentRegistration VALUES ('000734716', 'ECO113', 'A');
INSERT INTO tblCurrentRegistration VALUES ('000734716', 'FIN201G', 'C');
INSERT INTO tblCurrentRegistration VALUES ('000734716', 'LCS243', 'C');
INSERT INTO tblCurrentRegistration VALUES ('000734716', 'MGT203', 'C');
INSERT INTO tblCurrentRegistration VALUES ('000741175', 'ACG204', 'A');
INSERT INTO tblCurrentRegistration VALUES ('000741175', 'IB101', 'B');
INSERT INTO tblCurrentRegistration VALUES ('000741175', 'ISA203', 'A');
INSERT INTO tblCurrentRegistration VALUES ('000741175', 'MATH107', 'A');
INSERT INTO tblCurrentRegistration VALUES ('000741175', 'MGT301', 'A');
INSERT INTO tblCurrentRegistration VALUES ('000741175', 'POLS291', 'A');
INSERT INTO tblCurrentRegistration VALUES ('000746786', 'GSCM301', 'B');
INSERT INTO tblCurrentRegistration VALUES ('000746786', 'ISA201G', 'C');
INSERT INTO tblCurrentRegistration VALUES ('000746786', 'MKT201G', 'C');
INSERT INTO tblCurrentRegistration VALUES ('000746786', 'POLS290', 'B');
INSERT INTO tblCurrentRegistration VALUES ('000760662', 'FIN201G', 'C');
INSERT INTO tblCurrentRegistration VALUES ('000760662', 'IB101', 'C');
INSERT INTO tblCurrentRegistration VALUES ('000760662', 'MKT201', 'A');
INSERT INTO tblCurrentRegistration VALUES ('000798644', 'ISA201G', 'A');
INSERT INTO tblCurrentRegistration VALUES ('000798644', 'MGT301', 'B');
INSERT INTO tblCurrentRegistration VALUES ('000803088', 'GLOB243', 'C');
INSERT INTO tblCurrentRegistration VALUES ('000803088', 'HIS354', 'B');
INSERT INTO tblCurrentRegistration VALUES ('000803088', 'HIS365', 'C');
INSERT INTO tblCurrentRegistration VALUES ('000803088', 'HIS462', 'C');
INSERT INTO tblCurrentRegistration VALUES ('000803088', 'MKT201', 'C');
INSERT INTO tblCurrentRegistration VALUES ('000803088', 'SCI497', 'A');
INSERT INTO tblCurrentRegistration VALUES ('000807129', 'ACG203', 'C');
INSERT INTO tblCurrentRegistration VALUES ('000807129', 'ACG204', 'A');
INSERT INTO tblCurrentRegistration VALUES ('000807129', 'FIN201', 'C');
INSERT INTO tblCurrentRegistration VALUES ('000807129', 'HIS365', 'C');
INSERT INTO tblCurrentRegistration VALUES ('000829216', 'HIS263', 'A');
INSERT INTO tblCurrentRegistration VALUES ('000829216', 'HIS354', 'B');
INSERT INTO tblCurrentRegistration VALUES ('000829216', 'HIS365', 'B');
INSERT INTO tblCurrentRegistration VALUES ('000829216', 'MKT201', 'B');
INSERT INTO tblCurrentRegistration VALUES ('000829216', 'MKT201G', 'B');
INSERT INTO tblCurrentRegistration VALUES ('000841851', 'ACG203', 'C');
INSERT INTO tblCurrentRegistration VALUES ('000841851', 'FIN201G', 'C');
INSERT INTO tblCurrentRegistration VALUES ('000841851', 'HIS263', 'C');
INSERT INTO tblCurrentRegistration VALUES ('000841851', 'HIS354', 'C');
INSERT INTO tblCurrentRegistration VALUES ('000841851', 'MGT301', 'A');
INSERT INTO tblCurrentRegistration VALUES ('000841851', 'MKT201', 'C');
INSERT INTO tblCurrentRegistration VALUES ('000844423', 'HIS462', 'B');
INSERT INTO tblCurrentRegistration VALUES ('000844423', 'LGLS211', 'C');
INSERT INTO tblCurrentRegistration VALUES ('000844423', 'MKT203', 'C');
INSERT INTO tblCurrentRegistration VALUES ('000856528', 'ACG203', 'C');
INSERT INTO tblCurrentRegistration VALUES ('000856528', 'GSCM301', 'A');
INSERT INTO tblCurrentRegistration VALUES ('000856528', 'IB101', 'B');
INSERT INTO tblCurrentRegistration VALUES ('000856528', 'LGLS211', 'A');
INSERT INTO tblCurrentRegistration VALUES ('000856528', 'MKT201G', 'B');
INSERT INTO tblCurrentRegistration VALUES ('000856528', 'SCI264', 'C');
INSERT INTO tblCurrentRegistration VALUES ('000866568', 'IB101', 'C');
INSERT INTO tblCurrentRegistration VALUES ('000866568', 'LCS151', 'B');
INSERT INTO tblCurrentRegistration VALUES ('000866568', 'MATH107', 'B');
INSERT INTO tblCurrentRegistration VALUES ('000866568', 'MKT201', 'B');
INSERT INTO tblCurrentRegistration VALUES ('000876288', 'ACG203', 'A');
INSERT INTO tblCurrentRegistration VALUES ('000876288', 'GLOB243', 'A');
INSERT INTO tblCurrentRegistration VALUES ('000876288', 'IB101', 'A');
INSERT INTO tblCurrentRegistration VALUES ('000876288', 'MGT301', 'B');
INSERT INTO tblCurrentRegistration VALUES ('000876288', 'SCI264', 'C');
INSERT INTO tblCurrentRegistration VALUES ('000878135', 'HIS263', 'A');
INSERT INTO tblCurrentRegistration VALUES ('000878135', 'IB101', 'A');
INSERT INTO tblCurrentRegistration VALUES ('000878135', 'MKT201G', 'C');
INSERT INTO tblCurrentRegistration VALUES ('000878135', 'SOC251', 'C');
INSERT INTO tblCurrentRegistration VALUES ('000946710', 'FIN201G', 'A');
INSERT INTO tblCurrentRegistration VALUES ('000946710', 'HIS263', 'A');
INSERT INTO tblCurrentRegistration VALUES ('000946710', 'MATH370', 'A');
INSERT INTO tblCurrentRegistration VALUES ('000946710', 'POLS291', 'C');
INSERT INTO tblCurrentRegistration VALUES ('000946710', 'SCI497', 'B');
INSERT INTO tblCurrentRegistration VALUES ('000968888', 'IB101', 'C');
INSERT INTO tblCurrentRegistration VALUES ('000968888', 'ISA201G', 'B');
INSERT INTO tblCurrentRegistration VALUES ('000968888', 'LGLS211', 'A');
INSERT INTO tblCurrentRegistration VALUES ('000992018', 'AA205', 'A');
INSERT INTO tblCurrentRegistration VALUES ('000992018', 'ACG203', 'H');
INSERT INTO tblCurrentRegistration VALUES ('000992018', 'MKT201', 'F');
INSERT INTO tblCurrentRegistration VALUES ('000992018', 'POLS291', 'A');
INSERT INTO tblCurrentRegistration VALUES ('000992602', 'ACG203', 'A');
INSERT INTO tblCurrentRegistration VALUES ('000992602', 'COM204', 'C');
INSERT INTO tblCurrentRegistration VALUES ('000992602', 'FIN201', 'C');
INSERT INTO tblCurrentRegistration VALUES ('000992602', 'GFOB101', 'C');
INSERT INTO tblCurrentRegistration VALUES ('000992602', 'HIS263', 'A');
INSERT INTO tblCurrentRegistration VALUES ('000992602', 'LCS151', 'C');
INSERT INTO tblCurrentRegistration VALUES ('000134870', 'AA304', 'A');
INSERT INTO tblCurrentRegistration VALUES ('000134870', 'ISA221', 'A');
/* ************************************************************************************************************************************************************* */

/* ************************ Insert New Data (Place your INSERT commands for the tblDepartment table in this area ************************************************** */
INSERT INTO tblDepartment VALUES ('ACG', 'Accounting','CB');
INSERT INTO tblDepartment VALUES ('BUS', 'Business Core','CB');
INSERT INTO tblDepartment VALUES ('ISA', 'Information Systems and Analytics','CB');
INSERT INTO tblDepartment VALUES ('COM', 'Communications','CAS');
INSERT INTO tblDepartment VALUES ('ECO', 'Economics','CAS');
INSERT INTO tblDepartment VALUES ('FIN', 'Finance','CB');
INSERT INTO tblDepartment VALUES ('GLOB', 'Globalization','CAS');
INSERT INTO tblDepartment VALUES ('GSCM', 'Global Supply Chain Management','CB');
INSERT INTO tblDepartment VALUES ('HIS', 'History','CAS');
INSERT INTO tblDepartment VALUES ('IB1', 'International Business','CB');
INSERT INTO tblDepartment VALUES ('LCS', 'Literary and Cultural Studies','CAS');
INSERT INTO tblDepartment VALUES ('LGLS', 'Legal Studies','CAS');
INSERT INTO tblDepartment VALUES ('MATH', 'Mathematics','CAS');
INSERT INTO tblDepartment VALUES ('MGT', 'Management','CB');
INSERT INTO tblDepartment VALUES ('MKT', 'Marketing','CB');
INSERT INTO tblDepartment VALUES ('POLS', 'Politics','CAS');
INSERT INTO tblDepartment VALUES ('PSY', 'Psychology','CAS');
INSERT INTO tblDepartment VALUES ('SCI', 'Science and Technology','CAS');
INSERT INTO tblDepartment VALUES ('SOC', 'Sociology','CAS');
/* ************************************************************************************************************************************************************* */

/* ************************ Insert New Data (Place your INSERT commands for the tblStudent table in this area ************************************************** */
INSERT INTO tblStudent VALUES ( '000129656', 'Amber', 'Nunemaker', '201710', '2363', '37 Janet Drive', 'Huron', 'OH', '44839', 'NunemaA29bryant.edu', 54, 'A', 3.94, 2.58, '');
INSERT INTO tblStudent VALUES ( '000134870', 'Elli', 'Cardine', '201710', '4391', '116 Peck Avenue', 'Carriere', 'MS', '39426', 'CardinE68bryant.edu', 60, 'A', 2.66, 2.77, '');
INSERT INTO tblStudent VALUES ( '000152806', 'Dexter', 'Sowels', '201910', '2485', '62 Packer Street', 'Greenville', 'NC', '27834', 'SowelsD88bryant.edu', 3, 'A', 2.72, 3.61, '');
INSERT INTO tblStudent VALUES ( '000157381', 'Rudolph', 'Mandel', '201910', '3293', '149 Redwing Street', 'Angleton', 'TX', '77515', 'MandelR88bryant.edu', 0, 'A', 3.86, 2.62, '');
INSERT INTO tblStudent VALUES ( '000185625', 'Eric', 'Razo', '201710', '3446', '78 Zone Street', 'Willimantic', 'CT', '06226', 'RazoE22bryant.edu', 57, 'A', 3.44, 3.6, '');
INSERT INTO tblStudent VALUES ( '000208353', 'Myles', 'Sanfelix', '201810', '1778', '64 Cavalry Street', 'Bend', 'OR', '97702', 'SanfelM34bryant.edu', 30, 'A', 2.19, 2.73, '');
INSERT INTO tblStudent VALUES ( '000216185', 'Daniel', 'Pahnke', '201810', '1171', '49 Harris Street', 'Woodland', 'CA', '95695', 'PahnkeD37bryant.edu', 27, 'A', 3.5, 2.06, '');
INSERT INTO tblStudent VALUES ( '000230159', 'Jody', 'Bares', '201810', '3290', '58 Nardolillo Funeral Home', 'North Dartmouth', 'MA', '02747', 'BaresJ35bryant.edu', 36, 'A', 2.06, 3.69, '');
INSERT INTO tblStudent VALUES ( '000232506', 'Oliver', 'Whelpley', '201710', '1861', '94 Hoffman Avenue', 'Vernon Rockville', 'CT', '06066', 'WhelplO56bryant.edu', 63, 'A', 2.83, 2.46, '30-Aug-18');
INSERT INTO tblStudent VALUES ( '000240971', 'Suanne', 'Sandles', '201610', '4615', '131 Bethany Baptist Church', 'Portland', 'OR', '97220', 'SandleS63bryant.edu', 84, 'A', 2.45, 3.12, '');
INSERT INTO tblStudent VALUES ( '000255610', 'Derrick', 'Salwasser', '201610', '1423', '5 Randall Square', 'Coventry', 'RI', '02816', 'SalwasD99bryant.edu', 84, 'A', 3.12, 2.04, '');
INSERT INTO tblStudent VALUES ( '000262506', 'Hubert', 'Kauder', '201610', '1479', '50 Stratford Avenue', 'Cleveland', 'OH', '44124', 'KauderH74bryant.edu', 90, 'A', 2.42, 3.42, '');
INSERT INTO tblStudent VALUES ( '000274949', 'Mirian', 'Cavallario', '201910', '3493', '142 Vallone Road', 'Parlier', 'CA', '93648', 'CavallM96bryant.edu', 3, 'A', 3.91, 3.12, '');
INSERT INTO tblStudent VALUES ( '000276143', 'Darell', 'Gazza', '201810', '4166', '25 Luke Street', 'Syracuse', 'NY', '13204', 'GazzaD46bryant.edu', 24, 'A', 3.38, 3.05, '');
INSERT INTO tblStudent VALUES ( '000307265', 'Beau', 'Rallis', '201810', '3578', '138 Saint Patrick School', 'Toledo', 'OH', '43612', 'RallisB86bryant.edu', 27, 'A', 2.88, 2.94, '');
INSERT INTO tblStudent VALUES ( '000339234', 'Kyle', 'Boslet', '201610', '3091', '118 Deborah Street', 'Greenville', 'PA', '16125', 'BosletK11bryant.edu', 84, 'A', 3.46, 2.39, '');
INSERT INTO tblStudent VALUES ( '000344842', 'Dolores', 'Spice', '201910', '1462', '34 Weir Street', 'Wahiawa', 'HI', '96786', 'SpiceD95bryant.edu', 3, 'A', 2.03, 2.83, '');
INSERT INTO tblStudent VALUES ( '000357495', 'Antonette', 'Sachleben', '201610', '4068', '10 Gallup Street', 'North Adams', 'MA', '01247', 'SachleA99bryant.edu', 90, 'A', 3.74, 3.37, '');
INSERT INTO tblStudent VALUES ( '000358831', 'Jackelyn', 'Waag', '201610', '3101', '62 Passeonquis Drive', 'Chandler', 'AZ', '85226', 'WaagJ15bryant.edu', 90, 'A', 3.44, 3.5, '');
INSERT INTO tblStudent VALUES ( '000368662', 'Oswaldo', 'Mante', '201910', '3016', '24 Staples Stationery', 'La Verne', 'CA', '91750', 'ManteO90bryant.edu', 3, 'A', 2.58, 3.63, '');
INSERT INTO tblStudent VALUES ( '000394644', 'Norris', 'Castanada', '201910', '1607', '102 Narragansett Street', 'Bellevue', 'WA', '98007', 'CastanN61bryant.edu', 3, 'A', 2.22, 3.29, '');
INSERT INTO tblStudent VALUES ( '000420300', 'Robin', 'Bogen', '201710', '2472', '24 Newman Avenue (MA 152)', 'Miami', 'FL', '33168', 'BogenR33bryant.edu', 57, 'A', 2.82, 3.71, '');
INSERT INTO tblStudent VALUES ( '000431308', 'Mellisa', 'Culligan', '201610', '2505', '2 Robin Street', 'Saint Cloud', 'MN', '56304', 'CulligM80bryant.edu', 87, 'A', 2.03, 2.86, '');
INSERT INTO tblStudent VALUES ( '000445772', 'Andre', 'Harison', '201810', '2032', '30 Hope Baptist Church', 'Swansea', 'MA', '02777', 'HarisoA57bryant.edu', 33, 'A', 2.44, 2.47, '');
INSERT INTO tblStudent VALUES ( '000460632', 'Dorsey', 'Lauture', '201610', '2244', '51 Benbridge Avenue', 'Lexington', 'KY', '40503', 'LauturD51bryant.edu', 93, 'A', 3.99, 3.22, '');
INSERT INTO tblStudent VALUES ( '000470833', 'Dominic', 'Sidur', '201810', '1395', '84 Batcheller Avenue', 'Riverside', 'IL', '60546', 'SidurD17bryant.edu', 30, 'A', 2.55, 3.07, '');
INSERT INTO tblStudent VALUES ( '000476314', 'Lesley', 'Bakst', '201910', '4027', '63 Essex Street', 'Missouri City', 'TX', '77489', 'BakstL24bryant.edu', 3, 'A', 2.64, 4, '');
INSERT INTO tblStudent VALUES ( '000490849', 'Jere', 'Garvin', '201810', '2228', '149 Everett Street', 'Princeton Junction', 'NJ', '08550', 'GarvinJ39bryant.edu', 33, 'A', 2.04, 2.84, '');
INSERT INTO tblStudent VALUES ( '000492618', 'Evita', 'Radulescu', '201710', '1762', '94 Washington Street (US 1)', 'Jonesborough', 'TN', '37659', 'RaduleE12bryant.edu', 57, 'A', 3.23, 3.82, '');
INSERT INTO tblStudent VALUES ( '000493701', 'Cedrick', 'Gassen', '201710', '1215', '140 Brookside Court', 'Hialeah', 'FL', '33010', 'GassenC46bryant.edu', 54, 'A', 3.62, 2.01, '');
INSERT INTO tblStudent VALUES ( '000506599', 'Mina', 'Wavra', '201610', '4105', '33 White Squadron Road', 'Murfreesboro', 'TN', '37128', 'WavraM74bryant.edu', 90, 'A', 2.45, 3.06, '');
INSERT INTO tblStudent VALUES ( '000511579', 'Kia', 'Balliet', '201710', '2731', '146 Sprague Circle', 'Spencer', 'IA', '51301', 'BallieK22bryant.edu', 57, 'A', 3.45, 2, '');
INSERT INTO tblStudent VALUES ( '000516360', 'Stefanie', 'Hanover', '201910', '1430', '13 O Connor Street', 'Bloomington', 'IN', '47408', 'HanoveS63bryant.edu', 0, 'A', 3.18, 2.2, '');
INSERT INTO tblStudent VALUES ( '000526509', 'Trent', 'Casseus', '201910', '4007', '81 Scott Drive', 'Atlanta', 'GA', '30308', 'CasseuT35bryant.edu', 6, 'A', 3.11, 2.5, '');
INSERT INTO tblStudent VALUES ( '000536941', 'Mazie', 'Amor', '201810', '1101', '50 Sophia Academy', 'Madison Heights', 'VA', '24572', 'AmorM90bryant.edu', 24, 'A', 3.62, 2.38, '');
INSERT INTO tblStudent VALUES ( '000550909', 'Fae', 'Kaz', '201710', '1790', '37 North Station Post Office', 'Jenkintown', 'PA', '19046', 'KazF44bryant.edu', 57, 'A', 3.95, 2.22, '');
INSERT INTO tblStudent VALUES ( '000558695', 'Victor', 'Cataldo', '201710', '2593', '149 Galveston Street', 'Americus', 'GA', '31709', 'CataldV48bryant.edu', 60, 'A', 3.26, 2.62, '');
INSERT INTO tblStudent VALUES ( '000563356', 'Eartha', 'Nostrand', '201710', '4617', '17 Francis School', 'Knoxville', 'TN', '37914', 'NostraE62bryant.edu', 57, 'A', 2.19, 2.5, '');
INSERT INTO tblStudent VALUES ( '000568099', 'Luz', 'Hallauer', '201910', '1809', '91 Tanglewood Drive', 'Boca Raton', 'FL', '33432', 'HallauL52bryant.edu', 3, 'A', 2.39, 2.13, '');
INSERT INTO tblStudent VALUES ( '000593520', 'Elvis', 'Ticer', '201810', '2780', '39 Eden Crest Drive', 'Carthage', 'MS', '39051', 'TicerE72bryant.edu', 27, 'A', 2.32, 2.75, '');
INSERT INTO tblStudent VALUES ( '000631018', 'Aurora', 'Gaskell', '201810', '3378', '74 College Lane', 'San Antonio', 'TX', '78224', 'GaskelA91bryant.edu', 33, 'A', 3.86, 2.07, '');
INSERT INTO tblStudent VALUES ( '000641764', 'Viola', 'Laurenzano', '201610', '3494', '124 Saint Paul s School', 'Milwaukee', 'WI', '53221', 'LaurenV69bryant.edu', 90, 'A', 2.93, 2.51, '');
INSERT INTO tblStudent VALUES ( '000646541', 'Marquetta', 'Madaras', '201910', '3496', '9 Taber Avenue', 'Fresno', 'CA', '93725', 'MadaraM71bryant.edu', 0, 'A', 2.2, 3.79, '');
INSERT INTO tblStudent VALUES ( '000654686', 'Shantelle', 'Sindelar', '201810', '1763', '92 Saint Stephens Church', 'Glen Burnie', 'MD', '21060', 'SindelS40bryant.edu', 27, 'A', 3.81, 2.59, '');
INSERT INTO tblStudent VALUES ( '000656862', 'Jeffry', 'Bayton', '201710', '2886', '73 Sweet Hill Drive', 'Akron', 'OH', '44333', 'BaytonJ98bryant.edu', 54, 'A', 3.47, 3.43, '');
INSERT INTO tblStudent VALUES ( '000658362', 'Martha', 'Lamborn', '201810', '2724', '56 Myra Avenue', 'Glen Oaks', 'NY', '11004', 'LamborM11bryant.edu', 33, 'A', 3.09, 3.57, '');
INSERT INTO tblStudent VALUES ( '000660741', 'Lieselotte', 'Theard', '201910', '2624', '117 Back Street', 'Lutherville Timonium', 'MD', '21093', 'TheardL80bryant.edu', 3, 'A', 2.61, 2.8, '');
INSERT INTO tblStudent VALUES ( '000674409', 'Angella', 'Squarciafico', '201610', '1910', '57 Clemenceau Street', 'Hobe Sound', 'FL', '33455', 'SquarcA25bryant.edu', 93, 'A', 2.64, 3.44, '');
INSERT INTO tblStudent VALUES ( '000687581', 'Aubrey', 'Harstad', '201810', '2267', '141 Daniels Street', 'Lake Charles', 'LA', '70605', 'HarstaA47bryant.edu', 33, 'A', 3.69, 3.3, '');
INSERT INTO tblStudent VALUES ( '000690411', 'Robin', 'Lapusnak', '201910', '1871', '139 Monti Circle', 'Huntington', 'WV', '25704', 'LapusnR61bryant.edu', 3, 'A', 3.21, 3.34, '');
INSERT INTO tblStudent VALUES ( '000690915', 'Marco', 'Aardema', '201710', '4403', '150 Cushman Avenue', 'Milwaukee', 'WI', '53211', 'AardemM86bryant.edu', 60, 'A', 2.44, 2.94, '');
INSERT INTO tblStudent VALUES ( '000696269', 'Wanita', 'Haifley', '201610', '2040', '94 Rebecca Street', 'Jamaica', 'NY', '11435', 'HaifleW49bryant.edu', 84, 'A', 2.71, 2.67, '');
INSERT INTO tblStudent VALUES ( '000734716', 'Garnett', 'Sisneros', '201810', '4054', '8 Winrooth Avenue', 'Sparta', 'TN', '38583', 'SisnerG22bryant.edu', 30, 'A', 2.33, 2.54, '');
INSERT INTO tblStudent VALUES ( '000741175', 'Mina', 'Spruel', '201810', '2157', '83 Hedley Avenue', 'Wilmington', 'DE', '19804', 'SpruelM60bryant.edu', 24, 'A', 2.76, 2.81, '');
INSERT INTO tblStudent VALUES ( '000746786', 'Wilbert', 'Cassisse', '201910', '1786', '112 Providence Avenue', 'Birmingham', 'AL', '35206', 'CassisW47bryant.edu', 6, 'A', 3.73, 3.47, '');
INSERT INTO tblStudent VALUES ( '000760662', 'Freddy', 'Alvarado', '201810', '1850', '132 North Prospect Street', 'Philadelphia', 'PA', '19142', 'AlvaraF29bryant.edu', 33, 'A', 3.01, 2.02, '');
INSERT INTO tblStudent VALUES ( '000798644', 'Cliff', 'Newstrom', '201810', '2014', '77 Squire Lane', 'Abbeville', 'LA', '70510', 'NewstrC97bryant.edu', 24, 'A', 2.28, 2.57, '');
INSERT INTO tblStudent VALUES ( '000803088', 'Andrea', 'Halat', '201910', '3346', '20 Westcott Avenue', 'Littleton', 'CO', '80122', 'HalatA71bryant.edu', 6, 'A', 2.27, 3.95, '');
INSERT INTO tblStudent VALUES ( '000807129', 'Ernie', 'Nwabeke', '201810', '2481', '8 Sugarhill Court', 'Middletown', 'CT', '06457', 'NwabekE93bryant.edu', 24, 'A', 3.43, 2.4, '');
INSERT INTO tblStudent VALUES ( '000809518', 'Audra', 'Nordlie', '201910', '2915', '12 Rosella Avenue', 'Ortonville', 'MI', '48462', 'NordliA64bryant.edu', 0, 'I', 2.33, 2.8, '04-Jan-17');
INSERT INTO tblStudent VALUES ( '000829216', 'Shirleen', 'Cardozo', '201910', '3457', '3 Citizens bank', 'Ashburn', 'VA', '20148', 'CardozS12bryant.edu', 0, 'A', 3.04, 2.65, '');
INSERT INTO tblStudent VALUES ( '000841851', 'Tory', 'Callum', '201610', '3145', '98 Graybar Road', 'Elkins', 'WV', '26241', 'CallumT57bryant.edu', 87, 'A', 3.93, 2.74, '');
INSERT INTO tblStudent VALUES ( '000844423', 'Justin', 'Boyde', '201710', '4882', '116 Allen Street', 'Tucson', 'AZ', '85755', 'BoydeJ89bryant.edu', 63, 'A', 3.13, 2.4, '');
INSERT INTO tblStudent VALUES ( '000856528', 'Anton', 'Westermann', '201610', '4017', '17 Farrell Street', 'Mc Kees Rocks', 'PA', '15136', 'WesterA75bryant.edu', 93, 'A', 3.45, 2.59, '');
INSERT INTO tblStudent VALUES ( '000866568', 'Dyan', 'Waddell', '201810', '4334', '131 Charles Street', 'Klamath Falls', 'OR', '97603', 'WaddelD42bryant.edu', 30, 'A', 2.63, 3.32, '');
INSERT INTO tblStudent VALUES ( '000876288', 'Adrian', 'Lader', '201910', '4075', '118 Monticello Place', 'Blue Island', 'IL', '60406', 'LaderA92bryant.edu', 3, 'A', 2.97, 3.46, '');
INSERT INTO tblStudent VALUES ( '000878135', 'Jarod', 'Boyne', '201610', '1485', '41 Adelade Drive', 'Alexandria', 'VA', '22303', 'BoyneJ81bryant.edu', 93, 'A', 3.98, 2.94, '');
INSERT INTO tblStudent VALUES ( '000946710', 'Kirk', 'Thieme', '201710', '2136', '40 Jacob Street', 'Brentwood', 'TN', '37027', 'ThiemeK53bryant.edu', 54, 'A', 2.58, 3.01, '');
INSERT INTO tblStudent VALUES ( '000968888', 'Julietta', 'Canton', '201710', '1897', '31 Schneider Arena', 'Indianapolis', 'IN', '46256', 'CantonJ36bryant.edu', 54, 'A', 2.04, 3.51, '');
INSERT INTO tblStudent VALUES ( '000992602', 'Janel', 'Thilges', '201810', '4076', '99 Dawson Avenue', 'Warren', 'MI', '48092', 'ThilgeJ65bryant.edu', 24, 'A', 3.68, 3.47, '');
INSERT INTO tblStudent VALUES ( '000992018', 'Austin', 'Bilas', '201610', '4076', '6 Ferndale Drive', 'Smithfield', 'RI', '02917', 'BilasA98bryant.edu', 87, 'A', 2.13, 3.08, '');
INSERT INTO tblStudent VALUES ( '000992019', 'LaRosa', 'Charles', '201710', '4076', '100 Log Road', 'Smithfield', 'RI', '02917', 'CharleL59bryant.edu', 57, 'A', 3.67, 2.98, '');
/* ************************************************************************************************************************************************************* */

/* ************************ Insert New Data (Place your INSERT commands for the tblStudentMajor table in this area ************************************************** */
INSERT INTO tblStudentMajor VALUES ('000129656', 'MKT-IB');
INSERT INTO tblStudentMajor VALUES ('000134870', 'FIN-IB');
INSERT INTO tblStudentMajor VALUES ('000152806', 'MKT');
INSERT INTO tblStudentMajor VALUES ('000157381', 'MGT');
INSERT INTO tblStudentMajor VALUES ('000185625', 'MENV');
INSERT INTO tblStudentMajor VALUES ('000208353', 'MKT');
INSERT INTO tblStudentMajor VALUES ('000216185', 'MKT');
INSERT INTO tblStudentMajor VALUES ('000230159', 'AMS');
INSERT INTO tblStudentMajor VALUES ('000232506', 'ACG');
INSERT INTO tblStudentMajor VALUES ('000240971', 'COM');
INSERT INTO tblStudentMajor VALUES ('000240971', 'MGLB');
INSERT INTO tblStudentMajor VALUES ('000255610', 'PLW');
INSERT INTO tblStudentMajor VALUES ('000262506', 'BSBAUND');
INSERT INTO tblStudentMajor VALUES ('000274949', 'MLCS');
INSERT INTO tblStudentMajor VALUES ('000276143', 'AECO');
INSERT INTO tblStudentMajor VALUES ('000307265', 'COM');
INSERT INTO tblStudentMajor VALUES ('000339234', 'BSIBUND');
INSERT INTO tblStudentMajor VALUES ('000344842', 'MGT-IB');
INSERT INTO tblStudentMajor VALUES ('000357495', 'MKT');
INSERT INTO tblStudentMajor VALUES ('000358831', 'MKT');
INSERT INTO tblStudentMajor VALUES ('000368662', 'FIN-IB');
INSERT INTO tblStudentMajor VALUES ('000394644', 'FIN');
INSERT INTO tblStudentMajor VALUES ('000420300', 'MKT');
INSERT INTO tblStudentMajor VALUES ('000431308', 'AM');
INSERT INTO tblStudentMajor VALUES ('000445772', 'AMS');
INSERT INTO tblStudentMajor VALUES ('000460632', 'AECO');
INSERT INTO tblStudentMajor VALUES ('000470833', 'MKT');
INSERT INTO tblStudentMajor VALUES ('000476314', 'BALAUND');
INSERT INTO tblStudentMajor VALUES ('000490849', 'BSBAUND');
INSERT INTO tblStudentMajor VALUES ('000492618', 'MPLW');
INSERT INTO tblStudentMajor VALUES ('000493701', 'FIN-IB');
INSERT INTO tblStudentMajor VALUES ('000506599', 'SOCSL');
INSERT INTO tblStudentMajor VALUES ('000511579', 'MLCS');
INSERT INTO tblStudentMajor VALUES ('000516360', 'AECO');
INSERT INTO tblStudentMajor VALUES ('000526509', 'ACG');
INSERT INTO tblStudentMajor VALUES ('000526509', 'MLCS');
INSERT INTO tblStudentMajor VALUES ('000536941', 'ECSA');
INSERT INTO tblStudentMajor VALUES ('000550909', 'MGLB');
INSERT INTO tblStudentMajor VALUES ('000558695', 'FS');
INSERT INTO tblStudentMajor VALUES ('000563356', 'FS');
INSERT INTO tblStudentMajor VALUES ('000568099', 'FIN');
INSERT INTO tblStudentMajor VALUES ('000593520', 'FIN-IB');
INSERT INTO tblStudentMajor VALUES ('000631018', 'AECO');
INSERT INTO tblStudentMajor VALUES ('000641764', 'MKT');
INSERT INTO tblStudentMajor VALUES ('000646541', 'APSY');
INSERT INTO tblStudentMajor VALUES ('000654686', 'IS-IB');
INSERT INTO tblStudentMajor VALUES ('000656862', 'COM');
INSERT INTO tblStudentMajor VALUES ('000658362', 'MENV');
INSERT INTO tblStudentMajor VALUES ('000660741', 'IS');
INSERT INTO tblStudentMajor VALUES ('000660741', 'MPLW');
INSERT INTO tblStudentMajor VALUES ('000674409', 'FS');
INSERT INTO tblStudentMajor VALUES ('000674409', 'MHIS');
INSERT INTO tblStudentMajor VALUES ('000687581', 'BALAUND');
INSERT INTO tblStudentMajor VALUES ('000687581', 'MGT-IB');
INSERT INTO tblStudentMajor VALUES ('000690411', 'APSY');
INSERT INTO tblStudentMajor VALUES ('000690411', 'MHIS');
INSERT INTO tblStudentMajor VALUES ('000690915', 'AMS');
INSERT INTO tblStudentMajor VALUES ('000690915', 'MKT-IB');
INSERT INTO tblStudentMajor VALUES ('000696269', 'IS-IB');
INSERT INTO tblStudentMajor VALUES ('000696269', 'FIN-IB');
INSERT INTO tblStudentMajor VALUES ('000734716', 'ACG');
INSERT INTO tblStudentMajor VALUES ('000734716', 'BSIBUND');
INSERT INTO tblStudentMajor VALUES ('000741175', 'AM');
INSERT INTO tblStudentMajor VALUES ('000741175', 'FS');
INSERT INTO tblStudentMajor VALUES ('000746786', 'APSY');
INSERT INTO tblStudentMajor VALUES ('000746786', 'MGT-IB');
INSERT INTO tblStudentMajor VALUES ('000760662', 'IS-IB');
INSERT INTO tblStudentMajor VALUES ('000760662', 'ECSA');
INSERT INTO tblStudentMajor VALUES ('000798644', 'DS');
INSERT INTO tblStudentMajor VALUES ('000798644', 'MGT-IB');
INSERT INTO tblStudentMajor VALUES ('000803088', 'ACG');
INSERT INTO tblStudentMajor VALUES ('000803088', 'MKT-IB');
INSERT INTO tblStudentMajor VALUES ('000807129', 'AM');
INSERT INTO tblStudentMajor VALUES ('000807129', 'FS');
INSERT INTO tblStudentMajor VALUES ('000809518', 'AECO');
INSERT INTO tblStudentMajor VALUES ('000809518', 'MGLB');
INSERT INTO tblStudentMajor VALUES ('000829216', 'APSY');
INSERT INTO tblStudentMajor VALUES ('000841851', 'IS');
INSERT INTO tblStudentMajor VALUES ('000844423', 'AECO');
INSERT INTO tblStudentMajor VALUES ('000856528', 'BSIBUND');
INSERT INTO tblStudentMajor VALUES ('000866568', 'APSY');
INSERT INTO tblStudentMajor VALUES ('000876288', 'MKT-IB');
INSERT INTO tblStudentMajor VALUES ('000878135', 'IS');
INSERT INTO tblStudentMajor VALUES ('000946710', 'BALAUND');
INSERT INTO tblStudentMajor VALUES ('000968888', 'AECO');
INSERT INTO tblStudentMajor VALUES ('000992602', 'FS');
INSERT INTO tblStudentMajor VALUES ('000992602', 'AA');
INSERT INTO tblStudentMajor VALUES ('000992602', 'FIN');
INSERT INTO tblStudentMajor VALUES ('000992019', 'LS');
/* ************************************************************************************************************************************************************* */

/* ************************ Insert New Data (Place your INSERT commands for the tblTermCode table in this area ************************************************** */
INSERT INTO tblTermCode VALUES ('200210', 'Fall', '2001');
INSERT INTO tblTermCode VALUES ('200230', 'Spring', '2002');
INSERT INTO tblTermCode VALUES ('200310', 'Fall', '2002');
INSERT INTO tblTermCode VALUES ('200330', 'Spring', '2003');
INSERT INTO tblTermCode VALUES ('200410', 'Fall', '2003');
INSERT INTO tblTermCode VALUES ('200430', 'Spring', '2004');
INSERT INTO tblTermCode VALUES ('200510', 'Fall', '2004');
INSERT INTO tblTermCode VALUES ('200530', 'Spring', '2005');
INSERT INTO tblTermCode VALUES ('200610', 'Fall', '2005');
INSERT INTO tblTermCode VALUES ('200630', 'Spring', '2006');
INSERT INTO tblTermCode VALUES ('200710', 'Fall', '2006');
INSERT INTO tblTermCode VALUES ('200730', 'Spring', '2007');
INSERT INTO tblTermCode VALUES ('200741', 'Summer Day', '2007');
INSERT INTO tblTermCode VALUES ('200810', 'Fall', '2007');
INSERT INTO tblTermCode VALUES ('200830', 'Spring', '2008');
INSERT INTO tblTermCode VALUES ('200910', 'Fall', '2008');
INSERT INTO tblTermCode VALUES ('200930', 'Spring', '2009');
INSERT INTO tblTermCode VALUES ('201010', 'Fall', '2009');
INSERT INTO tblTermCode VALUES ('201030', 'Spring', '2010');
INSERT INTO tblTermCode VALUES ('201110', 'Fall', '2010');
INSERT INTO tblTermCode VALUES ('201130', 'Spring', '2011');
INSERT INTO tblTermCode VALUES ('201210', 'Fall', '2011');
INSERT INTO tblTermCode VALUES ('201230', 'Spring', '2012');
INSERT INTO tblTermCode VALUES ('201410', 'Fall', '2013');
INSERT INTO tblTermCode VALUES ('201510', 'Fall', '2014');
INSERT INTO tblTermCode VALUES ('201610', 'Fall', '2015');
INSERT INTO tblTermCode VALUES ('201710', 'Fall', '2016');
INSERT INTO tblTermCode VALUES ('201810', 'Fall', '2017');
INSERT INTO tblTermCode VALUES ('201830', 'Spring', '2018');
INSERT INTO tblTermCode VALUES ('201910', 'Fall', '2018');
INSERT INTO tblTermCode VALUES ('201930', 'Spring', '2019');
INSERT INTO tblTermCode VALUES ('202010', 'Fall', '2019');
/* ************************************************************************************************************************************************************* */